{
  "index.html": 1776630349.5575426,
  "mentions-legales.html": 1776159407.4642618,
  "politique-confidentialite.html": 1776159443.8891377,
  "founder.jpg": 1776177845.0861542,
  "founder.png": 1776177279.9583626,
  "logo.png": 1775918399.2086773
}